IndicatorID,IndicatorName,ParentCode,ParentName,AreaCode,AreaName,AreaType,Sex,Age,Category_Type,Category,Timeperiod,Value,Lower_CI_95.0_limit,Upper_CI_95.0_limit,Lower_CI_99.8_limit,Upper_CI_99.8_limit,Count,Denominator,Value_note,Recent_Trend,Compared_to_England_value_or_percentiles,Compared_to_Region_value_or_percentiles,Time_period_Sortable,New_data,Compared_to_goal
91141,Estimated prevalence of mental health disorders in children and young people: % population aged 5-16,,,E92000001,England,England,Persons,5-16 yrs,,,2015,9.23290978024279,,,,,701892.172201805,7602069,Value is modelled or synthetic estimate,Cannot be calculated,Not compared,Not compared,20150000,,
91141,Estimated prevalence of mental health disorders in children and young people: % population aged 5-16,E92000001,England,E12000001,North East region,Region,Persons,5-16 yrs,,,2015,9.99070660136933,,,,,34377.7216941138,344097,Value is modelled or synthetic estimate,Cannot be calculated,Not compared,Not compared,20150000,,
91141,Estimated prevalence of mental health disorders in children and young people: % population aged 5-16,E12000001,North East region,E06000001,Hartlepool,County & UA,Persons,5-16 yrs,,,2015,10.5333861146742,,,,,1388.93229308094,13186,Value is modelled or synthetic estimate,Cannot be calculated,Not compared,Not compared,20150000,,
91141,Estimated prevalence of mental health disorders in children and young people: % population aged 5-16,E12000001,North East region,E06000002,Middlesbrough,County & UA,Persons,5-16 yrs,,,2015,10.6877275269615,,,,,2170.99809255168,20313,Value is modelled or synthetic estimate,Cannot be calculated,Not compared,Not compared,20150000,,
91141,Estimated prevalence of mental health disorders in children and young people: % population aged 5-16,E12000001,North East region,E06000003,Redcar and Cleveland,County & UA,Persons,5-16 yrs,,,2015,10.3812490430977,,,,,1853.98726660681,17859,Value is modelled or synthetic estimate,Cannot be calculated,Not compared,Not compared,20150000,,
91141,Estimated prevalence of mental health disorders in children and young people: % population aged 5-16,E12000001,North East region,E06000004,Stockton-on-Tees,County & UA,Persons,5-16 yrs,,,2015,9.72943138474564,,,,,2730.37032950117,28063,Value is modelled or synthetic estimate,Cannot be calculated,Not compared,Not compared,20150000,,
91141,Estimated prevalence of mental health disorders in children and young people: % population aged 5-16,E12000001,North East region,E06000005,Darlington,County & UA,Persons,5-16 yrs,,,2015,9.75856534921965,,,,,1458.02724882691,14941,Value is modelled or synthetic estimate,Cannot be calculated,Not compared,Not compared,20150000,,
91141,Estimated prevalence of mental health disorders in children and young people: % population aged 5-16,E12000001,North East region,E06000047,County Durham,County & UA,Persons,5-16 yrs,,,2015,9.99318410436952,,,,,6581.8108466609,65863,Value is modelled or synthetic estimate,Cannot be calculated,Not compared,Not compared,20150000,,
91141,Estimated prevalence of mental health disorders in children and young people: % population aged 5-16,E12000001,North East region,E06000057,Northumberland,County & UA,Persons,5-16 yrs,,,2015,9.43430967762469,,,,,3809.00818924419,40374,Value is modelled or synthetic estimate,Cannot be calculated,Not compared,Not compared,20150000,,
91141,Estimated prevalence of mental health disorders in children and young people: % population aged 5-16,E12000001,North East region,E08000021,Newcastle upon Tyne,County & UA,Persons,5-16 yrs,,,2015,9.98440309359527,,,,,3621.14331398513,36268,Value is modelled or synthetic estimate,Cannot be calculated,Not compared,Not compared,20150000,,
91141,Estimated prevalence of mental health disorders in children and young people: % population aged 5-16,E12000001,North East region,E08000022,North Tyneside,County & UA,Persons,5-16 yrs,,,2015,9.47924861633675,,,,,2527.26247360154,26661,Value is modelled or synthetic estimate,Cannot be calculated,Not compared,Not compared,20150000,,
91141,Estimated prevalence of mental health disorders in children and young people: % population aged 5-16,E12000001,North East region,E08000023,South Tyneside,County & UA,Persons,5-16 yrs,,,2015,10.2601315203265,,,,,1970.0478532179,19201,Value is modelled or synthetic estimate,Cannot be calculated,Not compared,Not compared,20150000,,
91141,Estimated prevalence of mental health disorders in children and young people: % population aged 5-16,E12000001,North East region,E08000024,Sunderland,County & UA,Persons,5-16 yrs,,,2015,10.3879834985978,,,,,3691.26605639173,35534,Value is modelled or synthetic estimate,Cannot be calculated,Not compared,Not compared,20150000,,
91141,Estimated prevalence of mental health disorders in children and young people: % population aged 5-16,E12000001,North East region,E08000037,Gateshead,County & UA,Persons,5-16 yrs,,,2015,9.91557231731397,,,,,2561.58895245489,25834,Value is modelled or synthetic estimate,Cannot be calculated,Not compared,Not compared,20150000,,
91137,Estimated prevalence of emotional disorders: % population aged 5-16,,,E92000001,England,England,Persons,5-16 yrs,,,2015,3.57064528486776,,,,,271442.918300894,7602069,Value is modelled or synthetic estimate,Cannot be calculated,Not compared,Not compared,20150000,,
91137,Estimated prevalence of emotional disorders: % population aged 5-16,E92000001,England,E12000001,North East region,Region,Persons,5-16 yrs,,,2015,3.87028633852466,,,,,13317.5391822732,344097,Value is modelled or synthetic estimate,Cannot be calculated,Not compared,Not compared,20150000,,
91137,Estimated prevalence of emotional disorders: % population aged 5-16,E12000001,North East region,E06000001,Hartlepool,County & UA,Persons,5-16 yrs,,,2015,4.1216830748873,,,,,543.485130254639,13186,Value is modelled or synthetic estimate,Cannot be calculated,Not compared,Not compared,20150000,,
91137,Estimated prevalence of emotional disorders: % population aged 5-16,E12000001,North East region,E06000002,Middlesbrough,County & UA,Persons,5-16 yrs,,,2015,4.17337316504981,,,,,847.737291016568,20313,Value is modelled or synthetic estimate,Cannot be calculated,Not compared,Not compared,20150000,,
91137,Estimated prevalence of emotional disorders: % population aged 5-16,E12000001,North East region,E06000003,Redcar and Cleveland,County & UA,Persons,5-16 yrs,,,2015,4.03814810505577,,,,,721.17287008191,17859,Value is modelled or synthetic estimate,Cannot be calculated,Not compared,Not compared,20150000,,
91137,Estimated prevalence of emotional disorders: % population aged 5-16,E12000001,North East region,E06000004,Stockton-on-Tees,County & UA,Persons,5-16 yrs,,,2015,3.77129785899533,,,,,1058.33931816986,28063,Value is modelled or synthetic estimate,Cannot be calculated,Not compared,Not compared,20150000,,
91137,Estimated prevalence of emotional disorders: % population aged 5-16,E12000001,North East region,E06000005,Darlington,County & UA,Persons,5-16 yrs,,,2015,3.79460787462091,,,,,566.952362547109,14941,Value is modelled or synthetic estimate,Cannot be calculated,Not compared,Not compared,20150000,,
91137,Estimated prevalence of emotional disorders: % population aged 5-16,E12000001,North East region,E06000047,County Durham,County & UA,Persons,5-16 yrs,,,2015,3.85758914714523,,,,,2540.72393998426,65863,Value is modelled or synthetic estimate,Cannot be calculated,Not compared,Not compared,20150000,,
91137,Estimated prevalence of emotional disorders: % population aged 5-16,E12000001,North East region,E06000057,Northumberland,County & UA,Persons,5-16 yrs,,,2015,3.66066072994527,,,,,1477.95516310811,40374,Value is modelled or synthetic estimate,Cannot be calculated,Not compared,Not compared,20150000,,
91137,Estimated prevalence of emotional disorders: % population aged 5-16,E12000001,North East region,E08000021,Newcastle upon Tyne,County & UA,Persons,5-16 yrs,,,2015,3.87501934344125,,,,,1405.39201547927,36268,Value is modelled or synthetic estimate,Cannot be calculated,Not compared,Not compared,20150000,,
91137,Estimated prevalence of emotional disorders: % population aged 5-16,E12000001,North East region,E08000022,North Tyneside,County & UA,Persons,5-16 yrs,,,2015,3.63977094800006,,,,,970.399332446295,26661,Value is modelled or synthetic estimate,Cannot be calculated,Not compared,Not compared,20150000,,
91137,Estimated prevalence of emotional disorders: % population aged 5-16,E12000001,North East region,E08000023,South Tyneside,County & UA,Persons,5-16 yrs,,,2015,4.00021800149649,,,,,768.081858467341,19201,Value is modelled or synthetic estimate,Cannot be calculated,Not compared,Not compared,20150000,,
91137,Estimated prevalence of emotional disorders: % population aged 5-16,E12000001,North East region,E08000024,Sunderland,County & UA,Persons,5-16 yrs,,,2015,3.9990719737855,,,,,1421.03023516494,35534,Value is modelled or synthetic estimate,Cannot be calculated,Not compared,Not compared,20150000,,
91137,Estimated prevalence of emotional disorders: % population aged 5-16,E12000001,North East region,E08000037,Gateshead,County & UA,Persons,5-16 yrs,,,2015,3.83095260151509,,,,,989.688295075409,25834,Value is modelled or synthetic estimate,Cannot be calculated,Not compared,Not compared,20150000,,
91138,Estimated prevalence of conduct disorders: % population aged 5-16,,,E92000001,England,England,Persons,5-16 yrs,,,2015,5.59542157587247,,,,,425367.809038713,7602069,Value is modelled or synthetic estimate,Cannot be calculated,Not compared,Not compared,20150000,,
91138,Estimated prevalence of conduct disorders: % population aged 5-16,E92000001,England,E12000001,North East region,Region,Persons,5-16 yrs,,,2015,6.12847851072355,,,,,21087.9107010444,344097,Value is modelled or synthetic estimate,Cannot be calculated,Not compared,Not compared,20150000,,
91138,Estimated prevalence of conduct disorders: % population aged 5-16,E12000001,North East region,E06000001,Hartlepool,County & UA,Persons,5-16 yrs,,,2015,6.53207161188723,,,,,861.31896274345,13186,Value is modelled or synthetic estimate,Cannot be calculated,Not compared,Not compared,20150000,,
91138,Estimated prevalence of conduct disorders: % population aged 5-16,E12000001,North East region,E06000002,Middlesbrough,County & UA,Persons,5-16 yrs,,,2015,6.66756295089217,,,,,1354.38206221473,20313,Value is modelled or synthetic estimate,Cannot be calculated,Not compared,Not compared,20150000,,
91138,Estimated prevalence of conduct disorders: % population aged 5-16,E12000001,North East region,E06000003,Redcar and Cleveland,County & UA,Persons,5-16 yrs,,,2015,6.41457304858944,,,,,1145.57860074759,17859,Value is modelled or synthetic estimate,Cannot be calculated,Not compared,Not compared,20150000,,
91138,Estimated prevalence of conduct disorders: % population aged 5-16,E12000001,North East region,E06000004,Stockton-on-Tees,County & UA,Persons,5-16 yrs,,,2015,5.94037499055154,,,,,1667.04743359848,28063,Value is modelled or synthetic estimate,Cannot be calculated,Not compared,Not compared,20150000,,
91138,Estimated prevalence of conduct disorders: % population aged 5-16,E12000001,North East region,E06000005,Darlington,County & UA,Persons,5-16 yrs,,,2015,5.94674485241248,,,,,888.503148398949,14941,Value is modelled or synthetic estimate,Cannot be calculated,Not compared,Not compared,20150000,,
91138,Estimated prevalence of conduct disorders: % population aged 5-16,E12000001,North East region,E06000047,County Durham,County & UA,Persons,5-16 yrs,,,2015,6.1269729193747,,,,,4035.40817388776,65863,Value is modelled or synthetic estimate,Cannot be calculated,Not compared,Not compared,20150000,,
91138,Estimated prevalence of conduct disorders: % population aged 5-16,E12000001,North East region,E06000057,Northumberland,County & UA,Persons,5-16 yrs,,,2015,5.70738662362362,,,,,2304.3002754218,40374,Value is modelled or synthetic estimate,Cannot be calculated,Not compared,Not compared,20150000,,
91138,Estimated prevalence of conduct disorders: % population aged 5-16,E12000001,North East region,E08000021,Newcastle upon Tyne,County & UA,Persons,5-16 yrs,,,2015,6.15211373085894,,,,,2231.24860790792,36268,Value is modelled or synthetic estimate,Cannot be calculated,Not compared,Not compared,20150000,,
91138,Estimated prevalence of conduct disorders: % population aged 5-16,E12000001,North East region,E08000022,North Tyneside,County & UA,Persons,5-16 yrs,,,2015,5.74331913710669,,,,,1531.22631514401,26661,Value is modelled or synthetic estimate,Cannot be calculated,Not compared,Not compared,20150000,,
91138,Estimated prevalence of conduct disorders: % population aged 5-16,E12000001,North East region,E08000023,South Tyneside,County & UA,Persons,5-16 yrs,,,2015,6.31157301172555,,,,,1211.88513398142,19201,Value is modelled or synthetic estimate,Cannot be calculated,Not compared,Not compared,20150000,,
91138,Estimated prevalence of conduct disorders: % population aged 5-16,E12000001,North East region,E08000024,Sunderland,County & UA,Persons,5-16 yrs,,,2015,6.41503020145488,,,,,2279.51683178498,35534,Value is modelled or synthetic estimate,Cannot be calculated,Not compared,Not compared,20150000,,
91138,Estimated prevalence of conduct disorders: % population aged 5-16,E12000001,North East region,E08000037,Gateshead,County & UA,Persons,5-16 yrs,,,2015,6.06679553029296,,,,,1567.29595729588,25834,Value is modelled or synthetic estimate,Cannot be calculated,Not compared,Not compared,20150000,,
91139,Estimated prevalence of hyperkinetic disorders: % population aged 5-16,,,E92000001,England,England,Persons,5-16 yrs,,,2015,1.50732857863566,,,,,114588.158604602,7602069,Value is modelled or synthetic estimate,Cannot be calculated,Not compared,Not compared,20150000,,
91139,Estimated prevalence of hyperkinetic disorders: % population aged 5-16,E92000001,England,E12000001,North East region,Region,Persons,5-16 yrs,,,2015,1.64825654408583,,,,,5671.60132050301,344097,Value is modelled or synthetic estimate,Cannot be calculated,Not compared,Not compared,20150000,,
91139,Estimated prevalence of hyperkinetic disorders: % population aged 5-16,E12000001,North East region,E06000001,Hartlepool,County & UA,Persons,5-16 yrs,,,2015,1.74135143805979,,,,,229.614600622563,13186,Value is modelled or synthetic estimate,Cannot be calculated,Not compared,Not compared,20150000,,
91139,Estimated prevalence of hyperkinetic disorders: % population aged 5-16,E12000001,North East region,E06000002,Middlesbrough,County & UA,Persons,5-16 yrs,,,2015,1.77349390815511,,,,,360.249817563547,20313,Value is modelled or synthetic estimate,Cannot be calculated,Not compared,Not compared,20150000,,
91139,Estimated prevalence of hyperkinetic disorders: % population aged 5-16,E12000001,North East region,E06000003,Redcar and Cleveland,County & UA,Persons,5-16 yrs,,,2015,1.70719706812943,,,,,304.888324397235,17859,Value is modelled or synthetic estimate,Cannot be calculated,Not compared,Not compared,20150000,,
91139,Estimated prevalence of hyperkinetic disorders: % population aged 5-16,E12000001,North East region,E06000004,Stockton-on-Tees,County & UA,Persons,5-16 yrs,,,2015,1.5985837040331,,,,,448.610544862808,28063,Value is modelled or synthetic estimate,Cannot be calculated,Not compared,Not compared,20150000,,
91139,Estimated prevalence of hyperkinetic disorders: % population aged 5-16,E12000001,North East region,E06000005,Darlington,County & UA,Persons,5-16 yrs,,,2015,1.59362895962991,,,,,238.104102858305,14941,Value is modelled or synthetic estimate,Cannot be calculated,Not compared,Not compared,20150000,,
91139,Estimated prevalence of hyperkinetic disorders: % population aged 5-16,E12000001,North East region,E06000047,County Durham,County & UA,Persons,5-16 yrs,,,2015,1.64800221740312,,,,,1085.42370044821,65863,Value is modelled or synthetic estimate,Cannot be calculated,Not compared,Not compared,20150000,,
91139,Estimated prevalence of hyperkinetic disorders: % population aged 5-16,E12000001,North East region,E06000057,Northumberland,County & UA,Persons,5-16 yrs,,,2015,1.52733875522884,,,,,616.647749036092,40374,Value is modelled or synthetic estimate,Cannot be calculated,Not compared,Not compared,20150000,,
91139,Estimated prevalence of hyperkinetic disorders: % population aged 5-16,E12000001,North East region,E08000021,Newcastle upon Tyne,County & UA,Persons,5-16 yrs,,,2015,1.66435399752652,,,,,603.627907822917,36268,Value is modelled or synthetic estimate,Cannot be calculated,Not compared,Not compared,20150000,,
91139,Estimated prevalence of hyperkinetic disorders: % population aged 5-16,E12000001,North East region,E08000022,North Tyneside,County & UA,Persons,5-16 yrs,,,2015,1.56994272616609,,,,,418.562430223141,26661,Value is modelled or synthetic estimate,Cannot be calculated,Not compared,Not compared,20150000,,
91139,Estimated prevalence of hyperkinetic disorders: % population aged 5-16,E12000001,North East region,E08000023,South Tyneside,County & UA,Persons,5-16 yrs,,,2015,1.6876641393419,,,,,324.048391395037,19201,Value is modelled or synthetic estimate,Cannot be calculated,Not compared,Not compared,20150000,,
91139,Estimated prevalence of hyperkinetic disorders: % population aged 5-16,E12000001,North East region,E08000024,Sunderland,County & UA,Persons,5-16 yrs,,,2015,1.73612488811337,,,,,616.914617742204,35534,Value is modelled or synthetic estimate,Cannot be calculated,Not compared,Not compared,20150000,,
91139,Estimated prevalence of hyperkinetic disorders: % population aged 5-16,E12000001,North East region,E08000037,Gateshead,County & UA,Persons,5-16 yrs,,,2015,1.63619582290405,,,,,422.694828889032,25834,Value is modelled or synthetic estimate,Cannot be calculated,Not compared,Not compared,20150000,,
91146,Prevalence of potential eating disorders among young people: estimated number aged 16 - 24,,,E92000001,England,England,Persons,16+ yrs,,,2013,,,,,,813128.352,6227694,Value estimated,Cannot be calculated,Not compared,Not compared,20130000,,
91146,Prevalence of potential eating disorders among young people: estimated number aged 16 - 24,E92000001,England,E12000001,North East region,Region,Persons,16+ yrs,,,2013,41630.702,,,,,41630.702,319742,Value estimated,Cannot be calculated,Not compared,Not compared,20130000,,
91146,Prevalence of potential eating disorders among young people: estimated number aged 16 - 24,E12000001,North East region,E06000001,Hartlepool,County & UA,Persons,16+ yrs,,,2013,1393.263,,,,,1393.263,10647,Value estimated,Cannot be calculated,Not compared,Not compared,20130000,,
91146,Prevalence of potential eating disorders among young people: estimated number aged 16 - 24,E12000001,North East region,E06000002,Middlesbrough,County & UA,Persons,16+ yrs,,,2013,2558.304,,,,,2558.304,19962,Value estimated,Cannot be calculated,Not compared,Not compared,20130000,,
91146,Prevalence of potential eating disorders among young people: estimated number aged 16 - 24,E12000001,North East region,E06000003,Redcar and Cleveland,County & UA,Persons,16+ yrs,,,2013,1917.148,,,,,1917.148,14668,Value estimated,Cannot be calculated,Not compared,Not compared,20130000,,
91146,Prevalence of potential eating disorders among young people: estimated number aged 16 - 24,E12000001,North East region,E06000004,Stockton-on-Tees,County & UA,Persons,16+ yrs,,,2013,2881.259,,,,,2881.259,22279,Value estimated,Cannot be calculated,Not compared,Not compared,20130000,,
91146,Prevalence of potential eating disorders among young people: estimated number aged 16 - 24,E12000001,North East region,E06000005,Darlington,County & UA,Persons,16+ yrs,,,2013,1412.884,,,,,1412.884,10680,Value estimated,Cannot be calculated,Not compared,Not compared,20130000,,
91146,Prevalence of potential eating disorders among young people: estimated number aged 16 - 24,E12000001,North East region,E06000047,County Durham,County & UA,Persons,16+ yrs,,,2013,8236.916,,,,,8236.916,62928,Value estimated,Cannot be calculated,Not compared,Not compared,20130000,,
91146,Prevalence of potential eating disorders among young people: estimated number aged 16 - 24,E12000001,North East region,E06000057,Northumberland,County & UA,Persons,16+ yrs,,,2013,3880.598,,,,,3880.598,30116,Value estimated,Cannot be calculated,Not compared,Not compared,20130000,,
91146,Prevalence of potential eating disorders among young people: estimated number aged 16 - 24,E12000001,North East region,E08000021,Newcastle upon Tyne,County & UA,Persons,16+ yrs,,,2013,7403.561,,,,,7403.561,57123,Value estimated,Cannot be calculated,Not compared,Not compared,20130000,,
91146,Prevalence of potential eating disorders among young people: estimated number aged 16 - 24,E12000001,North East region,E08000022,North Tyneside,County & UA,Persons,16+ yrs,,,2013,2564.801,,,,,2564.801,19575,Value estimated,Cannot be calculated,Not compared,Not compared,20130000,,
91146,Prevalence of potential eating disorders among young people: estimated number aged 16 - 24,E12000001,North East region,E08000023,South Tyneside,County & UA,Persons,16+ yrs,,,2013,2146.562,,,,,2146.562,16534,Value estimated,Cannot be calculated,Not compared,Not compared,20130000,,
91146,Prevalence of potential eating disorders among young people: estimated number aged 16 - 24,E12000001,North East region,E08000024,Sunderland,County & UA,Persons,16+ yrs,,,2013,4440.407,,,,,4440.407,33839,Value estimated,Cannot be calculated,Not compared,Not compared,20130000,,
91146,Prevalence of potential eating disorders among young people: estimated number aged 16 - 24,E12000001,North East region,E08000037,Gateshead,County & UA,Persons,16+ yrs,,,2013,2794.999,,,,,2794.999,21391,Value estimated,Cannot be calculated,Not compared,Not compared,20130000,,
91145,Prevalence of ADHD among young people: estimated number aged 16 - 24,,,E92000001,England,England,Persons,16+ yrs,,,2013,,,,,,859421.772,6227694,Value estimated,Cannot be calculated,Not compared,Not compared,20130000,,
91145,Prevalence of ADHD among young people: estimated number aged 16 - 24,E92000001,England,E12000001,North East region,Region,Persons,16+ yrs,,,2013,44124.396,,,,,44124.396,319742,Value estimated,Cannot be calculated,Not compared,Not compared,20130000,,
91145,Prevalence of ADHD among young people: estimated number aged 16 - 24,E12000001,North East region,E06000001,Hartlepool,County & UA,Persons,16+ yrs,,,2013,1469.286,,,,,1469.286,10647,Value estimated,Cannot be calculated,Not compared,Not compared,20130000,,
91145,Prevalence of ADHD among young people: estimated number aged 16 - 24,E12000001,North East region,E06000002,Middlesbrough,County & UA,Persons,16+ yrs,,,2013,2754.756,,,,,2754.756,19962,Value estimated,Cannot be calculated,Not compared,Not compared,20130000,,
91145,Prevalence of ADHD among young people: estimated number aged 16 - 24,E12000001,North East region,E06000003,Redcar and Cleveland,County & UA,Persons,16+ yrs,,,2013,2024.184,,,,,2024.184,14668,Value estimated,Cannot be calculated,Not compared,Not compared,20130000,,
91145,Prevalence of ADHD among young people: estimated number aged 16 - 24,E12000001,North East region,E06000004,Stockton-on-Tees,County & UA,Persons,16+ yrs,,,2013,3074.502,,,,,3074.502,22279,Value estimated,Cannot be calculated,Not compared,Not compared,20130000,,
91145,Prevalence of ADHD among young people: estimated number aged 16 - 24,E12000001,North East region,E06000005,Darlington,County & UA,Persons,16+ yrs,,,2013,1473.84,,,,,1473.84,10680,Value estimated,Cannot be calculated,Not compared,Not compared,20130000,,
91145,Prevalence of ADHD among young people: estimated number aged 16 - 24,E12000001,North East region,E06000047,County Durham,County & UA,Persons,16+ yrs,,,2013,8684.064,,,,,8684.064,62928,Value estimated,Cannot be calculated,Not compared,Not compared,20130000,,
91145,Prevalence of ADHD among young people: estimated number aged 16 - 24,E12000001,North East region,E06000057,Northumberland,County & UA,Persons,16+ yrs,,,2013,4156.008,,,,,4156.008,30116,Value estimated,Cannot be calculated,Not compared,Not compared,20130000,,
91145,Prevalence of ADHD among young people: estimated number aged 16 - 24,E12000001,North East region,E08000021,Newcastle upon Tyne,County & UA,Persons,16+ yrs,,,2013,7882.974,,,,,7882.974,57123,Value estimated,Cannot be calculated,Not compared,Not compared,20130000,,
91145,Prevalence of ADHD among young people: estimated number aged 16 - 24,E12000001,North East region,E08000022,North Tyneside,County & UA,Persons,16+ yrs,,,2013,2701.35,,,,,2701.35,19575,Value estimated,Cannot be calculated,Not compared,Not compared,20130000,,
91145,Prevalence of ADHD among young people: estimated number aged 16 - 24,E12000001,North East region,E08000023,South Tyneside,County & UA,Persons,16+ yrs,,,2013,2281.692,,,,,2281.692,16534,Value estimated,Cannot be calculated,Not compared,Not compared,20130000,,
91145,Prevalence of ADHD among young people: estimated number aged 16 - 24,E12000001,North East region,E08000024,Sunderland,County & UA,Persons,16+ yrs,,,2013,4669.782,,,,,4669.782,33839,Value estimated,Cannot be calculated,Not compared,Not compared,20130000,,
91145,Prevalence of ADHD among young people: estimated number aged 16 - 24,E12000001,North East region,E08000037,Gateshead,County & UA,Persons,16+ yrs,,,2013,2951.958,,,,,2951.958,21391,Value estimated,Cannot be calculated,Not compared,Not compared,20130000,,
92315,Percentage of children where there is a cause for concern,,,E92000001,England,England,Persons,5-16 yrs,,,2016/17,38.1117667476571,37.5525841957746,38.6741191759723,,,10980,28810,,Cannot be calculated,Not compared,Not compared,20160000,,
92315,Percentage of children where there is a cause for concern,E92000001,England,E12000001,North East region,Region,Persons,5-16 yrs,,,2016/17,40.8602150537634,38.6472833872535,43.110821713857,,,760,1860,,Cannot be calculated,Not compared,Not compared,20160000,,
92315,Percentage of children where there is a cause for concern,E12000001,North East region,E06000001,Hartlepool,County & UA,Persons,5-16 yrs,,,2016/17,36.1111111111111,27.6735447828849,45.5027707656306,,,39,108,,Cannot be calculated,Not compared,Not compared,20160000,,
92315,Percentage of children where there is a cause for concern,E12000001,North East region,E06000002,Middlesbrough,County & UA,Persons,5-16 yrs,,,2016/17,38.0710659898477,31.580048840772,45.0184083323756,,,75,197,,Cannot be calculated,Not compared,Not compared,20160000,,
92315,Percentage of children where there is a cause for concern,E12000001,North East region,E06000003,Redcar and Cleveland,County & UA,Persons,5-16 yrs,,,2016/17,34.8623853211009,26.570209951261,44.1852195292837,,,38,109,,Cannot be calculated,Not compared,Not compared,20160000,,
92315,Percentage of children where there is a cause for concern,E12000001,North East region,E06000004,Stockton-on-Tees,County & UA,Persons,5-16 yrs,,,2016/17,34.0782122905028,27.5344772231869,41.2909738710872,,,61,179,,Cannot be calculated,Not compared,Not compared,20160000,,
92315,Percentage of children where there is a cause for concern,E12000001,North East region,E06000005,Darlington,County & UA,Persons,5-16 yrs,,,2016/17,32.6315789473684,24.0387127340076,42.5744874415741,,,31,95,,Cannot be calculated,Not compared,Not compared,20160000,,
92315,Percentage of children where there is a cause for concern,E12000001,North East region,E06000047,County Durham,County & UA,Persons,5-16 yrs,,,2016/17,48.3108108108108,42.6762169919002,53.988687174678,,,143,296,,Cannot be calculated,Not compared,Not compared,20160000,,
92315,Percentage of children where there is a cause for concern,E12000001,North East region,E06000057,Northumberland,County & UA,Persons,5-16 yrs,,,2016/17,48.6301369863014,40.6624326424719,56.6680791988559,,,71,146,,Cannot be calculated,Not compared,Not compared,20160000,,
92315,Percentage of children where there is a cause for concern,E12000001,North East region,E08000021,Newcastle upon Tyne,County & UA,Persons,5-16 yrs,,,2016/17,48.1012658227848,40.4485224635795,55.8441456551332,,,76,158,,Cannot be calculated,Not compared,Not compared,20160000,,
92315,Percentage of children where there is a cause for concern,E12000001,North East region,E08000022,North Tyneside,County & UA,Persons,5-16 yrs,,,2016/17,36.2068965517241,28.0331478109126,45.2649075408016,,,42,116,,Cannot be calculated,Not compared,Not compared,20160000,,
92315,Percentage of children where there is a cause for concern,E12000001,North East region,E08000023,South Tyneside,County & UA,Persons,5-16 yrs,,,2016/17,48.0519480519481,40.3049043785739,55.8938129642403,,,74,154,,Cannot be calculated,Not compared,Not compared,20160000,,
92315,Percentage of children where there is a cause for concern,E12000001,North East region,E08000024,Sunderland,County & UA,Persons,5-16 yrs,,,2016/17,30.4054054054054,23.5676440175434,38.2346197051131,,,45,148,,Cannot be calculated,Not compared,Not compared,20160000,,
92315,Percentage of children where there is a cause for concern,E12000001,North East region,E08000037,Gateshead,County & UA,Persons,5-16 yrs,,,2016/17,45.3333333333333,37.5824986079277,53.317223672841,,,68,150,,Cannot be calculated,Not compared,Not compared,20160000,,
90813,Hospital admissions as a result of self-harm (10-24 years),,,E92000001,England,England,Persons,10-24 yrs,,,2017/18,421.2003255,417.1432632,425.2870172,414.8174754,427.6517248,41218,9812909,,Cannot be calculated,Not compared,Not compared,20170000,,
90813,Hospital admissions as a result of self-harm (10-24 years),E92000001,England,E12000001,North East region,Region,Persons,10-24 yrs,,,2017/18,457.9826745,438.8981812,477.6823665,428.1758626,489.2102494,2174,472038,,Cannot be calculated,Higher,Not compared,20170000,,
90813,Hospital admissions as a result of self-harm (10-24 years),E12000001,North East region,E06000001,Hartlepool,County & UA,Persons,10-24 yrs,,,2017/18,225.651109,157.9943174,312.4400702,126.7751001,368.0271632,36,16279,,Cannot be calculated,Lower,Lower,20170000,,
90813,Hospital admissions as a result of self-harm (10-24 years),E12000001,North East region,E06000002,Middlesbrough,County & UA,Persons,10-24 yrs,,,2017/18,614.7739376,528.2790671,711.3058237,482.8242565,769.7731858,183,29024,,Cannot be calculated,Higher,Higher,20170000,,
90813,Hospital admissions as a result of self-harm (10-24 years),E12000001,North East region,E06000003,Redcar and Cleveland,County & UA,Persons,10-24 yrs,,,2017/18,541.5204371,448.918036,647.5861968,401.365935,712.535392,120,22324,,Cannot be calculated,Higher,Similar,20170000,,
90813,Hospital admissions as a result of self-harm (10-24 years),E12000001,North East region,E06000004,Stockton-on-Tees,County & UA,Persons,10-24 yrs,,,2017/18,365.6043747,304.0625633,435.9372916,272.3971483,478.9656158,124,34475,,Cannot be calculated,Similar,Lower,20170000,,
90813,Hospital admissions as a result of self-harm (10-24 years),E12000001,North East region,E06000005,Darlington,County & UA,Persons,10-24 yrs,,,2017/18,521.1483737,417.0097847,643.3067857,364.6804801,718.8504046,87,17278,,Cannot be calculated,Similar,Similar,20170000,,
90813,Hospital admissions as a result of self-harm (10-24 years),E12000001,North East region,E06000047,County Durham,County & UA,Persons,10-24 yrs,,,2017/18,350.1074191,313.0483295,390.339285,293.0976913,414.4177983,326,92683,,Cannot be calculated,Lower,Lower,20170000,,
90813,Hospital admissions as a result of self-harm (10-24 years),E12000001,North East region,E06000057,Northumberland,County & UA,Persons,10-24 yrs,,,2017/18,720.5134993,645.7398639,801.5400304,605.4219853,849.9950134,341,47826,,Cannot be calculated,Higher,Higher,20170000,,
90813,Hospital admissions as a result of self-harm (10-24 years),E12000001,North East region,E08000021,Newcastle upon Tyne,County & UA,Persons,10-24 yrs,,,2017/18,437.8315307,388.9509419,490.8969812,362.6362389,522.6563126,326,74374,,Cannot be calculated,Similar,Similar,20170000,,
90813,Hospital admissions as a result of self-harm (10-24 years),E12000001,North East region,E08000022,North Tyneside,County & UA,Persons,10-24 yrs,,,2017/18,655.1774903,567.6823859,752.3078084,521.4862865,811.0040005,202,31425,,Cannot be calculated,Higher,Higher,20170000,,
90813,Hospital admissions as a result of self-harm (10-24 years),E12000001,North East region,E08000023,South Tyneside,County & UA,Persons,10-24 yrs,,,2017/18,590.912981,498.022904,696.0957988,449.8307384,760.1955904,143,24310,,Cannot be calculated,Higher,Higher,20170000,,
90813,Hospital admissions as a result of self-harm (10-24 years),E12000001,North East region,E08000024,Sunderland,County & UA,Persons,10-24 yrs,,,2017/18,328.2100339,278.2094252,384.592862,252.1725631,418.893108,153,47802,,Cannot be calculated,Lower,Lower,20170000,,
90813,Hospital admissions as a result of self-harm (10-24 years),E12000001,North East region,E08000037,Gateshead,County & UA,Persons,10-24 yrs,,,2017/18,386.0524013,323.2085905,457.5419341,290.7388663,501.19323,133,34238,,Cannot be calculated,Similar,Lower,20170000,,
92796,Hospital admissions as a result of self-harm,,,E92000001,England,England,Persons,10-14 yrs,,,2017/18,210.4207214,205.3978723,215.535366,202.5438974,218.5097514,6662,3166038,,Decreasing,Not compared,Not compared,20170000,,
92796,Hospital admissions as a result of self-harm,E92000001,England,E12000001,North East region,Region,Persons,10-14 yrs,,,2017/18,216.8772475,193.4034207,242.4143861,180.7892887,257.7122283,310,142938,,Decreasing,Similar,Not compared,20170000,,
92796,Hospital admissions as a result of self-harm,E12000001,North East region,E06000001,Hartlepool,County & UA,Persons,10-14 yrs,,,2017/18,,,,,,,5459,Value suppressed for disclosure control reasons,Cannot be calculated,Not compared,Not compared,20170000,,
92796,Hospital admissions as a result of self-harm,E12000001,North East region,E06000002,Middlesbrough,County & UA,Persons,10-14 yrs,,,2017/18,131.4374477,65.52384034,235.1922227,41.20409496,306.4466335,11,8369,,Decreasing,Similar,Similar,20170000,,
92796,Hospital admissions as a result of self-harm,E12000001,North East region,E06000003,Redcar and Cleveland,County & UA,Persons,10-14 yrs,,,2017/18,159.4260662,82.28390917,278.5021662,53.14702405,359.7842109,12,7527,,No significant change,Similar,Similar,20170000,,
92796,Hospital admissions as a result of self-harm,E12000001,North East region,E06000004,Stockton-on-Tees,County & UA,Persons,10-14 yrs,,,2017/18,119.372442,65.20745822,200.2984122,43.95741729,254.9684251,14,11728,,Cannot be calculated,Lower,Lower,20170000,,
92796,Hospital admissions as a result of self-harm,E12000001,North East region,E06000005,Darlington,County & UA,Persons,10-14 yrs,,,2017/18,,,,,,,6268,Value suppressed for disclosure control reasons,Cannot be calculated,Not compared,Not compared,20170000,,
92796,Hospital admissions as a result of self-harm,E12000001,North East region,E06000047,County Durham,County & UA,Persons,10-14 yrs,,,2017/18,203.5105571,153.7199796,264.2803059,129.609448,302.4636673,56,27517,,No significant change,Similar,Similar,20170000,,
92796,Hospital admissions as a result of self-harm,E12000001,North East region,E06000057,Northumberland,County & UA,Persons,10-14 yrs,,,2017/18,227.1097299,160.6960822,311.734601,129.8468518,365.7986292,38,16732,,No significant change,Similar,Similar,20170000,,
92796,Hospital admissions as a result of self-harm,E12000001,North East region,E08000021,Newcastle upon Tyne,County & UA,Persons,10-14 yrs,,,2017/18,292.5170068,211.6746314,394.0282417,173.5808501,458.5190707,43,14700,,No significant change,Higher,Similar,20170000,,
92796,Hospital admissions as a result of self-harm,E12000001,North East region,E08000022,North Tyneside,County & UA,Persons,10-14 yrs,,,2017/18,302.7335055,209.6193664,423.0529739,166.9635071,500.3268568,34,11231,,No significant change,Similar,Similar,20170000,,
92796,Hospital admissions as a result of self-harm,E12000001,North East region,E08000023,South Tyneside,County & UA,Persons,10-14 yrs,,,2017/18,287.6078529,182.2604812,431.571968,136.6860914,525.9332574,23,7997,,No significant change,Similar,Similar,20170000,,
92796,Hospital admissions as a result of self-harm,E12000001,North East region,E08000024,Sunderland,County & UA,Persons,10-14 yrs,,,2017/18,256.9651068,181.820858,352.7145891,146.9162513,413.885763,38,14788,,Decreasing,Similar,Similar,20170000,,
92796,Hospital admissions as a result of self-harm,E12000001,North East region,E08000037,Gateshead,County & UA,Persons,10-14 yrs,,,2017/18,263.6038411,175.1241445,380.9951945,135.6574163,457.1268742,28,10622,,No significant change,Similar,Similar,20170000,,
91871,"School pupils with social, emotional and mental health needs: % of school pupils with social, emotional and mental health needs",,,E92000001,England,England,Persons,Primary school age,,,2018,2.19085356906895,2.1776811336131,2.20410388714396,,,103326,4716244,,Cannot be calculated,Not compared,Not compared,20180000,,
91871,"School pupils with social, emotional and mental health needs: % of school pupils with social, emotional and mental health needs",E92000001,England,E12000001,North East region,Region,Persons,Primary school age,,,2018,2.41685759289754,2.35399867909472,2.48135237642949,,,5401,223472,,Cannot be calculated,Higher,Not compared,20180000,,
91871,"School pupils with social, emotional and mental health needs: % of school pupils with social, emotional and mental health needs",E12000001,North East region,E06000001,Hartlepool,County & UA,Persons,Primary school age,,,2018,2.01476793248945,1.75075725273397,2.31765174056307,,,191,9480,,Cannot be calculated,Similar,Lower,20180000,,
91871,"School pupils with social, emotional and mental health needs: % of school pupils with social, emotional and mental health needs",E12000001,North East region,E06000002,Middlesbrough,County & UA,Persons,Primary school age,,,2018,1.88103711235384,1.6802183736824,2.10534363708856,,,296,15736,,Cannot be calculated,Lower,Lower,20180000,,
91871,"School pupils with social, emotional and mental health needs: % of school pupils with social, emotional and mental health needs",E12000001,North East region,E06000003,Redcar and Cleveland,County & UA,Persons,Primary school age,,,2018,3.12453169488985,2.84258485849505,3.43345565782961,,,417,13346,,Cannot be calculated,Higher,Higher,20180000,,
91871,"School pupils with social, emotional and mental health needs: % of school pupils with social, emotional and mental health needs",E12000001,North East region,E06000004,Stockton-on-Tees,County & UA,Persons,Primary school age,,,2018,2.38369472682658,2.18110402873927,2.6046019049478,,,476,19969,,Cannot be calculated,Similar,Similar,20180000,,
91871,"School pupils with social, emotional and mental health needs: % of school pupils with social, emotional and mental health needs",E12000001,North East region,E06000005,Darlington,County & UA,Persons,Primary school age,,,2018,2.84670748737781,2.52783901620914,3.20447653089022,,,265,9309,,Cannot be calculated,Higher,Higher,20180000,,
91871,"School pupils with social, emotional and mental health needs: % of school pupils with social, emotional and mental health needs",E12000001,North East region,E06000047,County Durham,County & UA,Persons,Primary school age,,,2018,2.25212531116434,2.11544894792312,2.3974158751873,,,959,42582,,Cannot be calculated,Similar,Lower,20180000,,
91871,"School pupils with social, emotional and mental health needs: % of school pupils with social, emotional and mental health needs",E12000001,North East region,E06000057,Northumberland,County & UA,Persons,Primary school age,,,2018,2.62295081967213,2.41406368475939,2.84938504043524,,,544,20740,,Cannot be calculated,Higher,Similar,20180000,,
91871,"School pupils with social, emotional and mental health needs: % of school pupils with social, emotional and mental health needs",E12000001,North East region,E08000021,Newcastle upon Tyne,County & UA,Persons,Primary school age,,,2018,2.36714975845411,2.17757841746106,2.57279038077995,,,539,22770,,Cannot be calculated,Similar,Similar,20180000,,
91871,"School pupils with social, emotional and mental health needs: % of school pupils with social, emotional and mental health needs",E12000001,North East region,E08000022,North Tyneside,County & UA,Persons,Primary school age,,,2018,2.40028660138524,2.17916685093386,2.64323706690721,,,402,16748,,Cannot be calculated,Similar,Similar,20180000,,
91871,"School pupils with social, emotional and mental health needs: % of school pupils with social, emotional and mental health needs",E12000001,North East region,E08000023,South Tyneside,County & UA,Persons,Primary school age,,,2018,2.80483054148812,2.533001012041,3.10490222979233,,,360,12835,,Cannot be calculated,Higher,Higher,20180000,,
91871,"School pupils with social, emotional and mental health needs: % of school pupils with social, emotional and mental health needs",E12000001,North East region,E08000024,Sunderland,County & UA,Persons,Primary school age,,,2018,2.57471264367816,2.38150944346214,2.78314284840691,,,616,23925,,Cannot be calculated,Higher,Similar,20180000,,
91871,"School pupils with social, emotional and mental health needs: % of school pupils with social, emotional and mental health needs",E12000001,North East region,E08000037,Gateshead,County & UA,Persons,Primary school age,,,2018,2.09580838323353,1.88528064424854,2.32928745656628,,,336,16032,,Cannot be calculated,Similar,Lower,20180000,,
